Query,Graph_Type
"Show the sales data for the past 12 months","Line Chart"
"Compare the revenue from different product categories","Bar Chart"
"Display the market share of each company in a pie chart","Pie Chart"
"Plot the relationship between age and income","Scatter Plot"
"Visualize the distribution of customer ages","Histogram"
"Illustrate the monthly expenses over the year","Line Chart"
"Compare the population growth across different regions","Bar Chart"
"Show the percentage breakdown of expenses","Pie Chart"
"Display temperature changes throughout the day","Line Chart"
"Plot the frequency of customer visits","Histogram"
"Compare the sales performance of different regions","Bar Chart"
"Visualize the trend of stock prices over time","Line Chart"
"Display the distribution of student grades","Histogram"
"Illustrate the correlation between education level and income","Scatter Plot"
"Show the market share of different smartphone brands","Pie Chart"
"Plot the number of website visits per day","Line Chart"
"Compare the average salary across different industries","Bar Chart"
"Display the distribution of customer ratings for a product","Histogram"
"Visualize the relationship between temperature and humidity","Scatter Plot"
"Plot the monthly revenue for a specific product","Line Chart"
"Compare the sales performance of different products","Bar Chart"
"Display the distribution of customer ages by gender","Histogram"
"Illustrate the correlation between advertising expenditure and sales","Scatter Plot"
"Show the market share of different social media platforms","Pie Chart"
"Plot the number of daily steps taken by individuals","Line Chart"
"Compare the average ratings of different movies","Bar Chart"
"Display the distribution of customer satisfaction scores","Histogram"
"Visualize the relationship between temperature and air pollution","Scatter Plot"
"Plot the monthly expenses for a specific department","Line Chart"
"Show the distribution of student performance by subject","Histogram"
"Illustrate the correlation between website loading time and bounce rate","Scatter Plot"
"Compare the market share of different car manufacturers","Pie Chart"
"Display the number of daily flights for different airlines","Line Chart"
"Visualize the distribution of employee salaries","Histogram"
"Plot the relationship between customer satisfaction and loyalty","Scatter Plot"
"Show the percentage breakdown of smartphone operating systems","Pie Chart"
"Compare the sales performance of different retail stores","Bar Chart"
"Display the distribution of customer reviews for a product","Histogram"
"Illustrate the correlation between temperature and crop yield","Scatter Plot"
"Plot the monthly revenue for a specific service","Line Chart"
"Compare the average ratings of different restaurants","Bar Chart"
"Display the distribution of customer churn rates","Histogram"
"Visualize the relationship between humidity and mold growth","Scatter Plot"
"Show the market share of different music streaming platforms","Pie Chart"
"Plot the number of daily transactions for different payment methods","Line Chart"
"Compare the average ratings of different books","Bar Chart"
"Display the distribution of customer feedback scores","Histogram"
"Illustrate the correlation between temperature and energy consumption","Scatter Plot"
"Show the percentage breakdown of social media users by age group","Pie Chart"
"Compare the sales performance of different e-commerce platforms","Bar Chart"
"Display the distribution of customer complaints by category","Histogram"
"Visualize the relationship between rainfall and crop yield","Scatter Plot"
"Plot the monthly expenses for a specific project","Line Chart"
"Show the distribution of student performance by grade level","Histogram"
"Illustrate the correlation between website traffic and conversion rate","Scatter Plot"
"Compare the market share of different clothing brands","Pie Chart"
"Display the number of daily website visits for different domains","Line Chart"
"Visualize the distribution of employee tenure","Histogram"
"Plot the relationship between customer satisfaction and repeat purchase","Scatter Plot"
"Show the percentage breakdown of gaming platforms by genre","Pie Chart"
"Compare the sales performance of different software products","Bar Chart"
"Display the distribution of customer complaints by severity","Histogram"
"Illustrate the correlation between temperature and disease outbreak","Scatter Plot"
"Plot the monthly revenue for a specific region","Line Chart"
"Compare the average ratings of different music albums","Bar Chart"
"Display the distribution of customer support response times","Histogram"
"Visualize the relationship between humidity and air quality","Scatter Plot"
"Show the market share of different food delivery services","Pie Chart"
"Plot the number of daily orders for different online retailers","Line Chart"
"Compare the average ratings of different video games","Bar Chart"
"Display the distribution of customer preferences by category","Histogram"
"Illustrate the correlation between temperature and water consumption","Scatter Plot"
"Show the percentage breakdown of streaming platforms by content type","Pie Chart"
"Compare the sales performance of different airlines","Bar Chart"
"Display the distribution of customer complaints by region","Histogram"
"Visualize the relationship between temperature and wildlife population","Scatter Plot"
"Plot the monthly expenses for a specific team","Line Chart"
"Show the distribution of student performance by school","Histogram"
"Illustrate the correlation between website engagement and conversion rate","Scatter Plot"
"Compare the market share of different social networking sites","Pie Chart"
"Display the number of daily downloads for different mobile apps","Line Chart"
"Visualize the distribution of employee performance ratings","Histogram"
"Plot the relationship between customer satisfaction and customer loyalty","Scatter Plot"
"Show the percentage breakdown of streaming platforms by user age","Pie Chart"
"Compare the sales performance of different hotel chains","Bar Chart"
"Display the distribution of customer complaints by product category","Histogram"
"Illustrate the correlation between temperature and wildlife migration","Scatter Plot"
"Plot the monthly revenue for a specific country","Line Chart"
"Compare the average ratings of different TV shows","Bar Chart"
"Display the distribution of customer preferences by brand","Histogram"
"Visualize the relationship between humidity and plant growth","Scatter Plot"
"Show the market share of different ride-sharing services","Pie Chart"
"Plot the number of daily users for different social media platforms","Line Chart"
"Compare the average ratings of different video streaming services","Bar Chart"
"Display the distribution of customer complaints by time of day","Histogram"
"Illustrate the correlation between temperature and bird migration","Scatter Plot"
"Show the percentage breakdown of streaming platforms by user gender","Pie Chart"
"Compare the sales performance of different online marketplaces","Bar Chart"
"Display the distribution of customer complaints by customer segment","Histogram"
"Visualize the relationship between temperature and fish population","Scatter Plot"
"Plot the monthly expenses for a specific location","Line Chart"
"Show the distribution of student performance by ethnicity","Histogram"
"Illustrate the correlation between website usability and conversion rate","Scatter Plot"
"Compare the market share of different social media influencers","Pie Chart"
"Display the number of daily active users for different mobile games","Line Chart"
"Visualize the distribution of employee satisfaction scores","Histogram"
"Plot the relationship between customer satisfaction and customer retention","Scatter Plot"
"Show the percentage breakdown of streaming platforms by user location","Pie Chart"
"Compare the sales performance of different online retailers","Bar Chart"
"Display the distribution of customer complaints by customer age","Histogram"
"Illustrate the correlation between temperature and bird population","Scatter Plot"
"Plot the monthly revenue for a specific city","Line Chart"
"Compare the average ratings of different podcasts","Bar Chart"
"Display the distribution of customer preferences by price range","Histogram"
"Visualize the relationship between humidity and insect population","Scatter Plot"
"Show the market share of different food delivery apps","Pie Chart"
"Plot the number of daily active users for different social networking sites","Line Chart"
"Compare the average ratings of different music artists","Bar Chart"
"Display the distribution of customer complaints by customer loyalty","Histogram"
"Illustrate the correlation between temperature and animal migration","Scatter Plot"
"Show the percentage breakdown of streaming platforms by user device","Pie Chart"
"Compare the sales performance of different online courses","Bar Chart"
"Display the distribution of customer complaints by customer satisfaction","Histogram"
"Visualize the relationship between temperature and plant growth","Scatter Plot"
"Plot the monthly expenses for a specific store","Line Chart"
"Show the distribution of student performance by parental education level","Histogram"
"Illustrate the correlation between website design and conversion rate","Scatter Plot"
"Compare the market share of different social media platforms by user age","Pie Chart"
"Display the number of daily active users for different dating apps","Line Chart"
"Visualize the distribution of employee productivity scores","Histogram"
"Plot the relationship between customer satisfaction and customer advocacy","Scatter Plot"
"Show the percentage breakdown of streaming platforms by user income","Pie Chart"
"Compare the sales performance of different online travel agencies","Bar Chart"
"Display the distribution of customer complaints by customer location","Histogram"
"Illustrate the correlation between temperature and animal population","Scatter Plot"
"Plot the monthly revenue for a specific state","Line Chart"
"Compare the average ratings of different podcasts genres","Bar Chart"
"Display the distribution of customer preferences by age group","Histogram"
"Visualize the relationship between humidity and bird population","Scatter Plot"
"Show the market share of different ride-hailing services","Pie Chart"
"Plot the number of daily active users for different music streaming platforms","Line Chart"
"Compare the average ratings of different TV series","Bar Chart"
"Display the distribution of customer complaints by customer feedback","Histogram"
"Illustrate the correlation between temperature and plant species diversity","Scatter Plot"
"Show the percentage breakdown of streaming platforms by user education level","Pie Chart"
"Compare the sales performance of different online marketplaces by category","Bar Chart"
"Display the distribution of customer complaints by customer loyalty level","Histogram"
"Visualize the relationship between temperature and animal species diversity","Scatter Plot"
"Plot the monthly expenses for a specific country","Line Chart"
"Show the distribution of student performance by school district","Histogram"
"Illustrate the correlation between website content and conversion rate","Scatter Plot"
"Compare the market share of different social media platforms by user gender","Pie Chart"
"Display the number of daily active users for different fitness apps","Line Chart"
"Visualize the distribution of employee engagement scores","Histogram"
"Plot the relationship between customer satisfaction and customer referrals","Scatter Plot"
"Show the percentage breakdown of streaming platforms by user location","Pie Chart"
"Compare the sales performance of different online retailers by product category","Bar Chart"
"Display the distribution of customer complaints by customer age group","Histogram"
"Illustrate the correlation between temperature and plant species richness","Scatter Plot"
"Plot the monthly revenue for a specific region","Line Chart"
"Compare the average ratings of different podcast hosts","Bar Chart"
"Display the distribution of customer preferences by gender","Histogram"
"Visualize the relationship between humidity and bird species diversity","Scatter Plot"
"Show the market share of different food delivery services by cuisine","Pie Chart"
"Plot the number of daily active users for different social media platforms by age group","Line Chart"
"Compare the average ratings of different music genres","Bar Chart"
"Display the distribution of customer complaints by customer satisfaction level","Histogram"
"Illustrate the correlation between temperature and plant species abundance","Scatter Plot"
"Show the percentage breakdown of streaming platforms by user income level","Pie Chart"
"Compare the sales performance of different online courses by subject","Bar Chart"
"Display the distribution of customer complaints by customer location type","Histogram"
"Visualize the relationship between temperature and animal species abundance","Scatter Plot"
"Plot the monthly expenses for a specific city","Line Chart"
"Show the distribution of student performance by school type","Histogram"
"Illustrate the correlation between website layout and conversion rate","Scatter Plot"
"Compare the market share of different social media platforms by user age group","Pie Chart"
"Display the number of daily active users for different language learning apps","Line Chart"
"Visualize the distribution of employee turnover rates","Histogram"
"Plot the relationship between customer satisfaction and customer testimonials","Scatter Plot"
"Show the percentage breakdown of streaming platforms by user education level","Pie Chart"
"Compare the sales performance of different online travel agencies by destination","Bar Chart"
"Display the distribution of customer complaints by customer location region","Histogram"
"Illustrate the correlation between temperature and plant species distribution","Scatter Plot"
"Plot the monthly revenue for a specific state","Line Chart"
"Compare the average ratings of different podcast genres by host","Bar Chart"
"Display the distribution of customer preferences by income level","Histogram"
"Visualize the relationship between humidity and bird species abundance","Scatter Plot"
"Show the market share of different ride-hailing services by city","Pie Chart"
"Plot the number of daily active users for different music streaming platforms by gender","Line Chart"
"Compare the average ratings of different music genres by artist","Bar Chart"
"Display the distribution of customer complaints by customer satisfaction rating","Histogram"
"Illustrate the correlation between temperature and plant species occurrence","Scatter Plot"
"Show the percentage breakdown of streaming platforms by user location region","Pie Chart"
"Compare the sales performance of different online retailers by customer segment","Bar Chart"
"Display the distribution of customer complaints by customer location type","Histogram"
"Visualize the relationship between temperature and animal species occurrence","Scatter Plot"
"Plot the monthly expenses for a specific store","Line Chart"
"Show the distribution of student performance by school district type","Histogram"
"Illustrate the correlation between website navigation and conversion rate","Scatter Plot"
"Compare the market share of different social media platforms by user gender group","Pie Chart"
"Display the number of daily active users for different meditation apps","Line Chart"
"Visualize the distribution of employee satisfaction scores by department","Histogram"
"Plot the relationship between customer satisfaction and customer reviews","Scatter Plot"
"Show the percentage breakdown of streaming platforms by user income group","Pie Chart"
"Compare the sales performance of different online courses by instructor","Bar Chart"
"Display the distribution of customer complaints by customer location region","Histogram"
"Illustrate the correlation between temperature and plant species richness","Scatter Plot"
"Plot the monthly revenue for a specific region","Line Chart"
"Compare the average ratings of different podcast hosts by genre","Bar Chart"
"Display the distribution of customer preferences by age group and gender","Histogram"
"Visualize the relationship between humidity and bird species richness","Scatter Plot"
"Show the market share of different food delivery services by city","Pie Chart"
"Plot the number of daily active users for different social media platforms by income group","Line Chart"
"Compare the average ratings of different music genres by artist nationality","Bar Chart"
"Display the distribution of customer complaints by customer satisfaction level and category","Histogram"
"Illustrate the correlation between temperature and plant species abundance","Scatter Plot"
"Show the percentage breakdown of streaming platforms by user education level and age group","Pie Chart"
"Compare the sales performance of different online travel agencies by destination and price range","Bar Chart"
"Display the distribution of customer complaints by customer location region and category","Histogram"
"Visualize the relationship between temperature and animal species abundance","Scatter Plot"
"Plot the monthly expenses for a specific city and department","Line Chart"
"Show the distribution of student performance by school type and grade level","Histogram"
"Illustrate the correlation between website layout and conversion rate by user device","Scatter Plot"
"Compare the market share of different social media platforms by user age group and gender","Pie Chart"
"Display the number of daily active users for different language learning apps by country","Line Chart"
"Visualize the distribution of employee turnover rates by department and tenure","Histogram"
"Plot the relationship between customer satisfaction and customer testimonials by product","Scatter Plot"
"Show the percentage breakdown of streaming platforms by user location region and age group","Pie Chart"
"Compare the sales performance of different online retailers by customer segment and product category","Bar Chart"
"Display the distribution of customer complaints by customer location type and category","Histogram"
"Illustrate the correlation between temperature and plant species distribution by region","Scatter Plot"
"Plot the monthly revenue for a specific state and product","Line Chart"
"Compare the average ratings of different podcast genres by host nationality","Bar Chart"
"Display the distribution of customer preferences by income level and age group","Histogram"
"Visualize the relationship between humidity and bird species abundance by location","Scatter Plot"
"Show the market share of different ride-hailing services by city and time of day","Pie Chart"
"Plot the number of daily active users for different music streaming platforms by gender and age group","Line Chart"
"Compare the average ratings of different music genres by artist popularity","Bar Chart"
"Display the distribution of customer complaints by customer satisfaction rating and category","Histogram"
"Illustrate the correlation between temperature and plant species richness by region","Scatter Plot"
"Show the percentage breakdown of streaming platforms by user income group and education level","Pie Chart"
"Compare the sales performance of different online courses by instructor and subject","Bar Chart"
"Display the distribution of customer complaints by customer location region and category","Histogram"
"Visualize the relationship between temperature and animal species abundance by location type","Scatter Plot"
"Plot the monthly expenses for a specific store and department","Line Chart"
"Show the distribution of student performance by school district type and grade level","Histogram"
"Illustrate the correlation between website navigation and conversion rate by user device and location","Scatter Plot"
"Compare the market share of different social media platforms by user gender group and age group","Pie Chart"
"Display the number of daily active users for different meditation apps by country and age group","Line Chart"
"Visualize the distribution of employee satisfaction scores by department and tenure","Histogram"
"Plot the relationship between customer satisfaction and customer reviews by product category","Scatter Plot"
"Show the percentage breakdown of streaming platforms by user education level and age group","Pie Chart"
"Compare the sales performance of different online travel agencies by destination and price range","Bar Chart"
"Display the distribution of customer complaints by customer location region and category","Histogram"
"Illustrate the correlation between temperature and plant species abundance by region and season","Scatter Plot"
"Plot the monthly revenue for a specific state and product category","Line Chart"
"Compare the average ratings of different podcast genres by host nationality and popularity","Bar Chart"
"Display the distribution of customer preferences by income level and age group","Histogram"
"Visualize the relationship between humidity and bird species abundance by location and time of day","Scatter Plot"
"Show the market share of different ride-hailing services by city and time of day","Pie Chart"
"Plot the number of daily active users for different music streaming platforms by gender and age group","Line Chart"
"Compare the average ratings of different music genres by artist popularity and nationality","Bar Chart"
"Display the distribution of customer complaints by customer satisfaction rating and category","Histogram"
"Illustrate the correlation between temperature and plant species richness by region and season","Scatter Plot"
"Show the percentage breakdown of streaming platforms by user income group and education level","Pie Chart"
"Compare the sales performance of different online courses by instructor and subject","Bar Chart"
"Display the distribution of customer complaints by customer location region and category","Histogram"
"Visualize the relationship between temperature and animal species abundance by location type and time of day","Scatter Plot"
"Plot the monthly expenses for a specific store and department","Line Chart"
"Show the distribution of student performance by school district type and grade level","Histogram"
"Illustrate the correlation between website navigation and conversion rate by user device and location","Scatter Plot"
"Compare the market share of different social media platforms by user gender group and age group","Pie Chart"
"Display the number of daily active users for different meditation apps by country and age group","Line Chart"
"Visualize the distribution of employee satisfaction scores by department and tenure","Histogram"
"Plot the relationship between customer satisfaction and customer reviews by product category and region","Scatter Plot"
"Show the percentage breakdown of streaming platforms by user education level and age group","Pie Chart"
"Compare the sales performance of different online travel agencies by destination and price range","Bar Chart"
"Display the distribution of customer complaints by customer location region and category","Histogram"
"Illustrate the correlation between temperature and plant species abundance by region and season","Scatter Plot"
"Plot the monthly revenue for a specific state and product category","Line Chart"
"Compare the average ratings of different podcast genres by host nationality and popularity","Bar Chart"
"Display the distribution of customer preferences by income level and age group","Histogram"
"Visualize the relationship between humidity and bird species abundance by location and time of day","Scatter Plot"
"Show the market share of different ride-hailing services by city and time of day","Pie Chart"
"Plot the number of daily active users for different social media platforms by income group and age group","Line Chart"
"Compare the average ratings of different music genres by artist nationality and popularity","Bar Chart"
"Display the distribution of customer complaints by customer satisfaction rating and category","Histogram"
"Illustrate the correlation between temperature and plant species richness by region and season","Scatter Plot"
"Show the percentage breakdown of streaming platforms by user income group and education level","Pie Chart"
"Compare the sales performance of different online courses by instructor and subject","Bar Chart"
"Display the distribution of customer complaints by customer location region and category","Histogram"
"Visualize the relationship between temperature and animal species abundance by location type and time of day","Scatter Plot"
"Plot the monthly expenses for a specific store and department","Line Chart"
"Show the distribution of student performance by school district type and grade level","Histogram"
"Illustrate the correlation between website navigation and conversion rate by user device and location","Scatter Plot"
"Compare the market share of different social media platforms by user gender group and age group","Pie Chart"
"Display the number of daily active users for different meditation apps by country and age group","Line Chart"
"Visualize the distribution of employee satisfaction scores by department and tenure","Histogram"
"Plot the relationship between customer satisfaction and customer reviews by product category and region","Scatter Plot"
"Show the percentage breakdown of streaming platforms by user education level and age group","Pie Chart"
"Compare the sales performance of different online travel agencies by destination and price range","Bar Chart"
"Display the distribution of customer complaints by customer location region and category","Histogram"
"Illustrate the correlation between temperature and plant species abundance by region and season","Scatter Plot"
"Plot the monthly revenue for a specific state and product category","Line Chart"
"Compare the average ratings of different podcast genres by host nationality and popularity","Bar Chart"
"Display the distribution of customer preferences by income level and age group","Histogram"
"Visualize the relationship between humidity and bird species abundance by location and time of day","Scatter Plot"
"Show the market share of different ride-hailing services by city and time of day","Pie Chart"
"Plot the number of daily active users for different music streaming platforms by gender and age group","Line Chart"
"Compare the average ratings of different music genres by artist popularity and nationality","Bar Chart"
"Display the distribution of customer complaints by customer satisfaction rating and category","Histogram"
"Illustrate the correlation between temperature and plant species richness by region and season","Scatter Plot"
"Show the percentage breakdown of streaming platforms by user income group and education level","Pie Chart"
"Compare the sales performance of different online courses by instructor and subject","Bar Chart"
"Display the distribution of customer complaints by customer location region and category","Histogram"
"Visualize the relationship between temperature and animal species abundance by location type and time of day","Scatter Plot"
"Plot the monthly expenses for a specific store and department","Line Chart"
"Show the distribution of student performance by school district type and grade level","Histogram"
"Illustrate the correlation between website navigation and conversion rate by user device and location","Scatter Plot"
"Compare the market share of different social media platforms by user gender group and age group","Pie Chart"
"Display the number of daily active users for different meditation apps by country and age group","Line Chart"
"Visualize the distribution of employee satisfaction scores by department and tenure","Histogram"
"Plot the relationship between customer satisfaction and customer reviews by product category and region","Scatter Plot"
"Show the percentage breakdown of streaming platforms by user education level and age group","Pie Chart"
"Compare the sales performance of different online travel agencies by destination and price range","Bar Chart"
"Display the distribution of customer complaints by customer location region and category","Histogram"
"Illustrate the correlation between temperature and plant species abundance by region and season","Scatter Plot"
"Plot the monthly revenue for a specific state and product category","Line Chart"
"Compare the average ratings of different podcast genres by host nationality and popularity","Bar Chart"
"Display the distribution of customer preferences by income level and age group","Histogram"
"Visualize the relationship between humidity and bird species abundance by location and time of day","Scatter Plot"
"Show the market share of different ride-hailing services by city and time of day","Pie Chart"
"Plot the number of daily active users for different music streaming platforms by gender and age group","Line Chart"
"Compare the average ratings of different music genres by artist popularity and nationality","Bar Chart"
"Display the distribution of customer complaints by customer satisfaction rating and category","Histogram"
"Illustrate the correlation between temperature and plant species richness by region and season","Scatter Plot"
"Show the percentage breakdown of streaming platforms by user income group and education level","Pie Chart"
"Compare the sales performance of different online courses by instructor and subject","Bar Chart"
"Display the distribution of customer complaints by customer location region and category","Histogram"
"Visualize the relationship between temperature and animal species abundance by location type and time of day","Scatter Plot"
"Plot the monthly expenses for a specific store and department","Line Chart"
"Show the distribution of student performance by school district type and grade level","Histogram"
"Illustrate the correlation between website navigation and conversion rate by user device and location","Scatter Plot"
"Compare the market share of different social media platforms by user gender group and age group","Pie Chart"
"Display the number of daily active users for different meditation apps by country and age group","Line Chart"
"Visualize the distribution of employee satisfaction scores by department and tenure","Histogram"
"Plot the relationship between customer satisfaction and customer reviews by product category and region","Scatter Plot"
"Show the percentage breakdown of streaming platforms by user education level and age group","Pie Chart"
"Compare the sales performance of different online travel agencies by destination and price range","Bar Chart"
"Display the distribution of customer complaints by customer location region and category","Histogram"
"Illustrate the correlation between temperature and plant species abundance by region and season","Scatter Plot"
"Plot the monthly revenue for a specific state and product category","Line Chart"
"Compare the average ratings of different podcast genres by host nationality and popularity","Bar Chart"
"Display the distribution of customer preferences by income level and age group","Histogram"
"Visualize the relationship between humidity and bird species abundance by location and time of day","Scatter Plot"
"Show the market share of different ride-hailing services by city and time of day","Pie Chart"
"Plot the number of daily active users for different music streaming platforms by gender and age group","Line Chart"
"Compare the average ratings of different music genres by artist popularity and nationality","Bar Chart"
"Display the distribution of customer complaints by customer satisfaction rating and category","Histogram"
"Illustrate the correlation between temperature and plant species richness by region and season","Scatter Plot"
"Show the percentage breakdown of streaming platforms by user income group and education level","Pie Chart"
"Compare the sales performance of different online courses by instructor and subject","Bar Chart"
"Display the distribution of customer complaints by customer location region and category","Histogram"
"Visualize the relationship between temperature and animal species abundance by location type and time of day","Scatter Plot"
"Plot the monthly expenses for a specific store and department","Line Chart"
"Show the distribution of student performance by school district type and grade level","Histogram"
"Illustrate the correlation between website navigation and conversion rate by user device and location","Scatter Plot"
"Compare the market share of different social media platforms by user gender group and age group","Pie Chart"
"Display the number of daily active users for different meditation apps by country and age group","Line Chart"
"Visualize the distribution of employee satisfaction scores by department and tenure","Histogram"
"Plot the relationship between customer satisfaction and customer reviews by product category and region","Scatter Plot"
"Show the percentage breakdown of streaming platforms by user education level and age group","Pie Chart"
"Compare the sales performance of different online travel agencies by destination and price range","Bar Chart"
"Display the distribution of customer complaints by customer location region and category","Histogram"
"Illustrate the correlation between temperature and plant species abundance by region and season","Scatter Plot"
"Plot the monthly revenue for a specific state and product category","Line Chart"
"Compare the average ratings of different podcast genres by host nationality and popularity","Bar Chart"
"Display the distribution of customer preferences by income level and age group","Histogram"
"Visualize the relationship between humidity and bird species abundance by location and time of day","Scatter Plot"
"Show the market share of different ride-hailing services by city and time of day","Pie Chart"
"Plot the number of daily active users for different music streaming platforms by gender and age group","Line Chart"
"Compare the average ratings of different music genres by artist popularity and nationality","Bar Chart"
"Display the distribution of customer complaints by customer satisfaction rating and category","Histogram"
"Illustrate the correlation between temperature and plant species richness by region and season","Scatter Plot"
"Show the percentage breakdown of streaming platforms by user income group and education level","Pie Chart"
"Compare the sales performance of different online courses by instructor and subject","Bar Chart"
"Display the distribution of customer complaints by customer location region and category","Histogram"
"Visualize the relationship between temperature and animal species abundance by location type and time of day","Scatter Plot"
"Plot the monthly expenses for a specific store and department","Line Chart"
"Show the distribution of student performance by school district type and grade level","Histogram"
"Illustrate the correlation between website navigation and conversion rate by user device and location","Scatter Plot"
"Compare the market share of different social media platforms by user gender group and age group","Pie Chart"
"Display the number of daily active users for different meditation apps by country and age group","Line Chart"
"Visualize the distribution of employee satisfaction scores by department and tenure","Histogram"
"Plot the relationship between customer satisfaction and customer reviews by product category and region","Scatter Plot"
"Show the percentage breakdown of streaming platforms by user education level and age group","Pie Chart"
"Compare the sales performance of different online travel agencies by destination and price range","Bar Chart"
"Display the distribution of customer complaints by customer location region and category","Histogram"
"Illustrate the correlation between temperature and plant species abundance by region and season","Scatter Plot"
"Plot the monthly revenue for a specific state and product category","Line Chart"
"Compare the average ratings of different podcast genres by host nationality and popularity","Bar Chart"
"Display the distribution of customer preferences by income level and age group","Histogram"
"Visualize the relationship between humidity and bird species abundance by location and time of day","Scatter Plot"
"Show the market share of different ride-hailing services by city and time of day","Pie Chart"
"Plot the number of daily active users for different music streaming platforms by gender and age group","Line Chart"
"Compare the average ratings of different music genres by artist popularity and nationality","Bar Chart"
"Display the distribution of customer complaints by customer satisfaction rating and category","Histogram"
"Illustrate the correlation between temperature and plant species richness by region and season","Scatter Plot"
"Show the percentage breakdown of streaming platforms by user income group and education level","Pie Chart"
"Compare the sales performance of different online courses by instructor and subject","Bar Chart"
"Display the distribution of customer complaints by customer location region and category","Histogram"
"Visualize the relationship between temperature and animal species abundance by location type and time of day","Scatter Plot"
"Plot the monthly expenses for a specific store and department","Line Chart"
"Show the distribution of student performance by school district type and grade level","Histogram"
"Illustrate the correlation between website navigation and conversion rate by user device and location","Scatter Plot"
"Compare the market share of different social media platforms by user gender group and age group","Pie Chart"
"Display the number of daily active users for different meditation apps by country and age group","Line Chart"
"Visualize the distribution of employee satisfaction scores by department and tenure","Histogram"
"Plot the relationship between customer satisfaction and customer reviews by product category and region","Scatter Plot"
"Show the percentage breakdown of streaming platforms by user education level and age group","Pie Chart"
"Compare the sales performance of different online travel agencies by destination and price range","Bar Chart"
"Display the distribution of customer complaints by customer location region and category","Histogram"
"Illustrate the correlation between temperature and plant species abundance by region and season","Scatter Plot"
"Plot the monthly revenue for a specific state and product category","Line Chart"
"Compare the average ratings of different podcast genres by host nationality and popularity","Bar Chart"
"Display the distribution of customer preferences by income level and age group","Histogram"
"Visualize the relationship between humidity and bird species abundance by location and time of day","Scatter Plot"
"Show the market share of different ride-hailing services by city and time of day","Pie Chart"
"Plot the number of daily active users for different music streaming platforms by gender and age group","Line Chart"
"Compare the average ratings of different music genres by artist popularity and nationality","Bar Chart"
"Display the distribution of customer complaints by customer satisfaction rating and category","Histogram"
"Illustrate the correlation between temperature and plant species richness by region and season","Scatter Plot"
"Show the percentage breakdown of streaming platforms by user income group and education level","Pie Chart"
"Compare the sales performance of different online courses by instructor and subject","Bar Chart"
"Display the distribution of customer complaints by customer location region and category","Histogram"
"Visualize the relationship between temperature and animal species abundance by location type and time of day","Scatter Plot"
"Plot the monthly expenses for a specific store and department","Line Chart"
"Show the distribution of student performance by school district type and grade level","Histogram"
"Illustrate the correlation between website navigation and conversion rate by user device and location","Scatter Plot"
"Compare the market share of different social media platforms by user gender group and age group","Pie Chart"
"Display the number of daily active users for different meditation apps by country and age group","Line Chart"
"Visualize the distribution of employee satisfaction scores by department and tenure","Histogram"
"Plot the relationship between customer satisfaction and customer reviews by product category and region","Scatter Plot"
"Show the percentage breakdown of streaming platforms by user education level and age group","Pie Chart"
"Compare the sales performance of different online travel agencies by destination and price range","Bar Chart"
"Display the distribution of customer complaints by customer location region and category","Histogram"
"Illustrate the correlation between temperature and plant species abundance by region and season","Scatter Plot"
"Plot the monthly revenue for a specific state and product category","Line Chart"
"Compare the average ratings of different podcast genres by host nationality and popularity","Bar Chart"
"Display the distribution of customer preferences by income level and age group","Histogram"
"Visualize the relationship between humidity and bird species abundance by location and time of day","Scatter Plot"
"Show the market share of different ride-hailing services by city and time of day","Pie Chart"
"Plot the number of daily active users for different music streaming platforms by gender and age group","Line Chart"
"Compare the average ratings of different music genres by artist popularity and nationality","Bar Chart"
"Display the distribution of customer complaints by customer satisfaction rating and category","Histogram"
"Illustrate the correlation between temperature and plant species richness by region and season","Scatter Plot"
"Show the percentage breakdown of streaming platforms by user income group and education level","Pie Chart"
"Compare the sales performance of different online courses by instructor and subject","Bar Chart"
"Display the distribution of customer complaints by customer location region and category","Histogram"
"Visualize the relationship between temperature and animal species abundance by location type and time of day","Scatter Plot"
"Plot the monthly expenses for a specific store and department","Line Chart"
"Show the distribution of student performance by school district type and grade level","Histogram"
"Illustrate the correlation between website navigation and conversion rate by user device and location","Scatter Plot"
"Compare the market share of different social media platforms by user gender group and age group","Pie Chart"
"Display the number of daily active users for different meditation apps by country and age group","Line Chart"
"Visualize the distribution of employee satisfaction scores by department and tenure","Histogram"
"Plot the relationship between customer satisfaction and customer reviews by product category and region","Scatter Plot"
"Show the percentage breakdown of streaming platforms by user education level and age group","Pie Chart"
"Compare the sales performance of different online travel agencies by destination and price range","Bar Chart"
"Display the distribution of customer complaints by customer location region and category","Histogram"
"Illustrate the correlation between temperature and plant species abundance by region and season","Scatter Plot"
"Plot the monthly revenue for a specific state and product category","Line Chart"
"Compare the average ratings of different podcast genres by host nationality and popularity","Bar Chart"
"Display the distribution of customer preferences by income level and age group","Histogram"
"Visualize the relationship between humidity and bird species abundance by location and time of day","Scatter Plot"
"Show the market share of different ride-hailing services by city and time of day","Pie Chart"
"Plot the number of daily active users for different music streaming platforms by gender and age group","Line Chart"
"Compare the average ratings of different music genres by artist popularity and nationality","Bar Chart"
"Display the distribution of customer complaints by customer satisfaction rating and category","Histogram"
"Illustrate the correlation between temperature and plant species richness by region and season","Scatter Plot"
"Show the percentage breakdown of streaming platforms by user income group and education level","Pie Chart"
"Compare the sales performance of different online courses by instructor and subject","Bar Chart"
"Display the distribution of customer complaints by customer location region and category","Histogram"
"Visualize the relationship between temperature and animal species abundance by location type and time of day","Scatter Plot"
"Plot the monthly expenses for a specific store and department","Line Chart"
"Show the distribution of student performance by school district type and grade level","Histogram"
"Illustrate the correlation between website navigation and conversion rate by user device and location","Scatter Plot"
"Compare the market share of different social media platforms by user gender group and age group","Pie Chart"
"Display the number of daily active users for different meditation apps by country and age group","Line Chart"
"Visualize the distribution of employee satisfaction scores by department and tenure","Histogram"
"Plot the relationship between customer satisfaction and customer reviews by product category and region","Scatter Plot"
"Show the percentage breakdown of streaming platforms by user education level and age group","Pie Chart"
"Compare the sales performance of different online travel agencies by destination and price range","Bar Chart"
"Display the distribution of customer complaints by customer location region and category","Histogram"
"Illustrate the correlation between temperature and plant species abundance by region and season","Scatter Plot"
"Plot the monthly revenue for a specific state and product category","Line Chart"
"Compare the average ratings of different podcast genres by host nationality and popularity","Bar Chart"
"Display the distribution of customer preferences by income level and age group","Histogram"
"Visualize the relationship between humidity and bird species abundance by location and time of day","Scatter Plot"
"Show the market share of different ride-hailing services by city and time of day","Pie Chart"
"Plot the number of daily active users for different music streaming platforms by gender and age group","Line Chart"
"Compare the average ratings of different movie genres by director nationality and release year","Bar Chart"
"Display the distribution of customer preferences by occupation and age group","Histogram"
"Illustrate the correlation between temperature and crop yield by region and season","Scatter Plot"
"Plot the monthly sales for a specific product and region","Line Chart"
"Show the distribution of student performance by school district type and ethnicity","Histogram"
"Visualize the relationship between website loading time and bounce rate by device type and location","Scatter Plot"
"Compare the market share of different e-commerce platforms by user gender and age group","Pie Chart"
"Display the number of daily active users for different fitness apps by country and age group","Line Chart"
"Visualize the distribution of employee salaries by department and experience level","Histogram"
"Plot the relationship between customer satisfaction and customer loyalty by product category and region","Scatter Plot"
"Show the percentage breakdown of streaming platforms by user income group and occupation","Pie Chart"
"Compare the sales performance of different car brands by model and price range","Bar Chart"
"Display the distribution of customer complaints by customer location and category","Histogram"
"Illustrate the correlation between temperature and crop yield by region and season","Scatter Plot"
"Plot the monthly revenue for a specific city and industry","Line Chart"
"Compare the average ratings of different book genres by author nationality and popularity","Bar Chart"
"Display the distribution of customer preferences by income level and occupation","Histogram"
"Visualize the relationship between humidity and plant growth by location type and time of day","Scatter Plot"
"Show the market share of different food delivery services by city and time of day","Pie Chart"
"Plot the number of daily active users for different social media platforms by gender and age group","Line Chart"
"Compare the average ratings of different TV show genres by show popularity and country","Bar Chart"
"Display the distribution of customer complaints by customer satisfaction rating and product category","Histogram"
"Illustrate the correlation between temperature and crop yield by region and season","Scatter Plot"
"Show the percentage breakdown of streaming platforms by user income group and occupation","Pie Chart"
"Compare the sales performance of different clothing brands by category and price range","Bar Chart"
"Display the distribution of customer complaints by customer location and category","Histogram"
"Visualize the relationship between temperature and animal migration by location type and time of year","Scatter Plot"
"Plot the monthly expenses for a specific restaurant and department","Line Chart"
"Show the distribution of student performance by school district type and socioeconomic status","Histogram"
"Illustrate the correlation between website design and conversion rate by user device and location","Scatter Plot"
"Compare the market share of different gaming platforms by user gender and age group","Pie Chart"
"Display the number of daily active users for different language learning apps by country and age group","Line Chart"
"Visualize the distribution of employee performance ratings by department and tenure","Histogram"
"Plot the relationship between customer satisfaction and customer reviews by product category and country","Scatter Plot"
"Show the percentage breakdown of streaming platforms by user education level and occupation","Pie Chart"
"Compare the sales performance of different hotel chains by location and price range","Bar Chart"
"Display the distribution of customer complaints by customer location and category","Histogram"
"Illustrate the correlation between temperature and crop yield by region and season","Scatter Plot"
"Plot the monthly revenue for a specific country and product category","Line Chart"
"Compare the average ratings of different game genres by developer nationality and popularity","Bar Chart"
"Display the distribution of customer preferences by income level and occupation","Histogram"
"Visualize the relationship between humidity and plant growth by location type and time of day","Scatter Plot"
"Show the market share of different grocery delivery services by city and time of day","Pie Chart"
"Plot the number of daily active users for different video streaming platforms by gender and age group","Line Chart"
"Compare the average ratings of different movie genres by lead actor popularity and country","Bar Chart"
"Display the distribution of customer complaints by customer satisfaction rating and product category","Histogram"
"Illustrate the correlation between temperature and crop yield by region and season","Scatter Plot"
"Show the percentage breakdown of streaming platforms by user income group and occupation","Pie Chart"
"Compare the sales performance of different electronics brands by category and price range","Bar Chart"
"Display the distribution of customer complaints by customer location and category","Histogram"
"Visualize the relationship between temperature and animal migration by location type and time of year","Scatter Plot"
"Plot the monthly expenses for a specific hotel and department","Line Chart"
"Show the distribution of student performance by school district type and parental education level","Histogram"
"Illustrate the correlation between website design and conversion rate by user device and location","Scatter Plot"
"Compare the market share of different music platforms by user gender and age group","Pie Chart"
"Display the number of daily active users for different cooking apps by country and age group","Line Chart"
"Visualize the distribution of employee performance ratings by department and tenure","Histogram"
"Plot the relationship between customer satisfaction and customer reviews by product category and country","Scatter Plot"
"Show the percentage breakdown of streaming platforms by user education level and occupation","Pie Chart"
"Compare the sales performance of different airline companies by destination and price range","Bar Chart"
"Display the distribution of customer complaints by customer location and category","Histogram"
"Illustrate the correlation between temperature and crop yield by region and season","Scatter Plot"
"Plot the monthly revenue for a specific city and product category","Line Chart"
"Compare the average ratings of different podcast genres by host nationality and popularity","Bar Chart"
"Display the distribution of customer preferences by income level and occupation","Histogram"
"Visualize the relationship between humidity and plant growth by location type and time of day","Scatter Plot"
"Show the market share of different food delivery services by city and time of day","Pie Chart"
"Plot the number of daily active users for different music streaming platforms by gender and age group","Line Chart"
"Compare the average ratings of different music genres by artist popularity and nationality","Bar Chart"
"Display the distribution of customer complaints by customer satisfaction rating and category","Histogram"
"Illustrate the correlation between temperature and plant species richness by region and season","Scatter Plot"
"Show the percentage breakdown of streaming platforms by user income group and education level","Pie Chart"
"Compare the sales performance of different online courses by instructor and subject","Bar Chart"
"Display the distribution of customer complaints by customer location region and category","Histogram"
"Visualize the relationship between temperature and animal species abundance by location type and time of day","Scatter Plot"
"Plot the monthly expenses for a specific store and department","Line Chart"
"Show the distribution of student performance by school district type and grade level","Histogram"
"Illustrate the correlation between website navigation and conversion rate by user device and location","Scatter Plot"
"Compare the market share of different social media platforms by user gender group and age group","Pie Chart"
"Display the number of daily active users for different meditation apps by country and age group","Line Chart"
"Visualize the distribution of employee satisfaction scores by department and tenure","Histogram"
"Plot the relationship between customer satisfaction and customer reviews by product category and region","Scatter Plot"
"Show the percentage breakdown of streaming platforms by user education level and age group","Pie Chart"
"Compare the sales performance of different online travel agencies by destination and price range","Bar Chart"
"Display the distribution of customer complaints by customer location region and category","Histogram"
"Illustrate the correlation between temperature and plant species abundance by region and season","Scatter Plot"
"Plot the monthly revenue for a specific state and product category","Line Chart"
"Compare the average ratings of different podcast genres by host nationality and popularity","Bar Chart"
"Display the distribution of customer preferences by income level and age group","Histogram"
"Visualize the relationship between humidity and bird species abundance by location and time of day","Scatter Plot"
"Show the market share of different ride-hailing services by city and time of day","Pie Chart"
"Plot the number of daily active users for different music streaming platforms by gender and age group","Line Chart"
"Compare the average ratings of different music genres by artist popularity and nationality","Bar Chart"
"Display the distribution of customer complaints by customer satisfaction rating and category","Histogram"
"Illustrate the correlation between temperature and plant species richness by region and season","Scatter Plot"
"Show the percentage breakdown of streaming platforms by user income group and education level","Pie Chart"
"Compare the sales performance of different online courses by instructor and subject","Bar Chart"
"Display the distribution of customer complaints by customer location region and category","Histogram"
"Visualize the relationship between temperature and animal species abundance by location type and time of day","Scatter Plot"
"Plot the monthly expenses for a specific store and department","Line Chart"
"Show the distribution of student performance by school district type and grade level","Histogram"
"Illustrate the correlation between website navigation and conversion rate by user device and location","Scatter Plot"
"Compare the market share of different social media platforms by user gender group and age group","Pie Chart"
"Display the number of daily active users for different meditation apps by country and age group","Line Chart"
"Visualize the distribution of employee satisfaction scores by department and tenure","Histogram"
"Plot the relationship between customer satisfaction and customer reviews by product category and region","Scatter Plot"
"Show the percentage breakdown of streaming platforms by user education level and age group","Pie Chart"
"Compare the sales performance of different online travel agencies by destination and price range","Bar Chart"
"Display the distribution of customer complaints by customer location region and category","Histogram"
"Illustrate the correlation between temperature and plant species abundance by region and season","Scatter Plot"
"Plot the monthly revenue for a specific state and product category","Line Chart"
"Compare the average ratings of different podcast genres by host nationality and popularity","Bar Chart"
"Display the distribution of customer preferences by income level and age group","Histogram"
"Visualize the relationship between humidity and bird species abundance by location and time of day","Scatter Plot"
"Show the market share of different ride-hailing services by city and time of day","Pie Chart"
"Plot the number of daily active users for different music streaming platforms by gender and age group","Line Chart"
"Compare the average ratings of different music genres by artist popularity and nationality","Bar Chart"
"Display the distribution of customer complaints by customer satisfaction rating and category","Histogram"
"Illustrate the correlation between temperature and plant species richness by region and season","Scatter Plot"
"Show the percentage breakdown of streaming platforms by user income group and education level","Pie Chart"
"Compare the sales performance of different online courses by instructor and subject","Bar Chart"
"Display the distribution of customer complaints by customer location region and category","Histogram"
"Visualize the relationship between temperature and animal species abundance by location type and time of day","Scatter Plot"
"Plot the monthly expenses for a specific store and department","Line Chart"
"Show the distribution of student performance by school district type and grade level","Histogram"
"Illustrate the correlation between website navigation and conversion rate by user device and location","Scatter Plot"
"Compare the market share of different social media platforms by user gender group and age group","Pie Chart"
"Display the number of daily active users for different meditation apps by country and age group","Line Chart"
"Visualize the distribution of employee satisfaction scores by department and tenure","Histogram"
"Plot the relationship between customer satisfaction and customer reviews by product category and region","Scatter Plot"
"Show the percentage breakdown of streaming platforms by user education level and age group","Pie Chart"
"Compare the sales performance of different online travel agencies by destination and price range","Bar Chart"
"Display the distribution of customer complaints by customer location region and category","Histogram"
"Illustrate the correlation between temperature and plant species abundance by region and season","Scatter Plot"
"Plot the monthly revenue for a specific state and product category","Line Chart"
"Compare the average ratings of different podcast genres by host nationality and popularity","Bar Chart"
"Display the distribution of customer preferences by income level and age group","Histogram"
"Visualize the relationship between humidity and bird species abundance by location and time of day","Scatter Plot"
"Show the market share of different ride-hailing services by city and time of day","Pie Chart"
"Plot the number of daily active users for different music streaming platforms by gender and age group","Line Chart"
"Compare the average ratings of different music genres by artist popularity and nationality","Bar Chart"
"Display the distribution of customer complaints by customer satisfaction rating and category","Histogram"
"Illustrate the correlation between temperature and plant species richness by region and season","Scatter Plot"
"Show the percentage breakdown of streaming platforms by user income group and education level","Pie Chart"
"Compare the sales performance of different online courses by instructor and subject","Bar Chart"
"Display the distribution of customer complaints by customer location region and category","Histogram"
"Visualize the relationship between temperature and animal species abundance by location type and time of day","Scatter Plot"
"Plot the monthly expenses for a specific store and department","Line Chart"
"Show the distribution of student performance by school district type and grade level","Histogram"
"Illustrate the correlation between website navigation and conversion rate by user device and location","Scatter Plot"
"Compare the market share of different social media platforms by user gender group and age group","Pie Chart"
"Display the number of daily active users for different meditation apps by country and age group","Line Chart"
"Visualize the distribution of employee satisfaction scores by department and tenure","Histogram"
"Plot the relationship between customer satisfaction and customer reviews by product category and region","Scatter Plot"
"Show the percentage breakdown of streaming platforms by user education level and age group","Pie Chart"
"Compare the sales performance of different online travel agencies by destination and price range","Bar Chart"
"Display the distribution of customer complaints by customer location region and category","Histogram"
"Illustrate the correlation between temperature and plant species abundance by region and season","Scatter Plot"
"Plot the monthly revenue for a specific state and product category","Line Chart"
"Compare the average ratings of different podcast genres by host nationality and popularity","Bar Chart"
"Display the distribution of customer preferences by income level and age group","Histogram"
"Visualize the relationship between humidity and bird species abundance by location and time of day","Scatter Plot"
"Show the market share of different ride-hailing services by city and time of day","Pie Chart"
"Plot the number of daily active users for different music streaming platforms by gender and age group","Line Chart"
"Compare the average ratings of different music genres by artist popularity and nationality","Bar Chart"
"Display the distribution of customer complaints by customer satisfaction rating and category","Histogram"
"Illustrate the correlation between temperature and plant species richness by region and season","Scatter Plot"
"Show the percentage breakdown of streaming platforms by user income group and education level","Pie Chart"
"Compare the sales performance of different online courses by instructor and subject","Bar Chart"
"Display the distribution of customer complaints by customer location region and category","Histogram"
"Visualize the relationship between temperature and animal species abundance by location type and time of day","Scatter Plot"
"Plot the monthly expenses for a specific store and department","Line Chart"
"Show the distribution of student performance by school district type and grade level","Histogram"
"Illustrate the correlation between website navigation and conversion rate by user device and location","Scatter Plot"
"Compare the market share of different social media platforms by user gender group and age group","Pie Chart"
"Display the number of daily active users for different meditation apps by country and age group","Line Chart"
"Visualize the distribution of employee satisfaction scores by department and tenure","Histogram"
"Plot the relationship between customer satisfaction and customer reviews by product category and region","Scatter Plot"
"Show the percentage breakdown of streaming platforms by user education level and age group","Pie Chart"
"Compare the sales performance of different online travel agencies by destination and price range","Bar Chart"
"Display the distribution of customer complaints by customer location region and category","Histogram"
"Illustrate the correlation between temperature and plant species abundance by region and season","Scatter Plot"
"Plot the monthly revenue for a specific state and product category","Line Chart"
"Compare the average ratings of different podcast genres by host nationality and popularity","Bar Chart"
"Display the distribution of customer preferences by income level and age group","Histogram"
"Visualize the relationship between humidity and bird species abundance by location and time of day","Scatter Plot"
"Show the market share of different ride-hailing services by city and time of day","Pie Chart"
"Plot the number of daily active users for different music streaming platforms by gender and age group","Line Chart"
"Compare the average ratings of different music genres by artist popularity and nationality","Bar Chart"
"Display the distribution of customer complaints by customer satisfaction rating and category","Histogram"
"Illustrate the correlation between temperature and plant species richness by region and season","Scatter Plot"
"Show the percentage breakdown of streaming platforms by user income group and education level","Pie Chart"
"Compare the sales performance of different online courses by instructor and subject","Bar Chart"
"Display the distribution of customer complaints by customer location region and category","Histogram"
"Visualize the relationship between temperature and animal species abundance by location type and time of day","Scatter Plot"
"Plot the monthly expenses for a specific store and department","Line Chart"
"Show the distribution of student performance by school district type and grade level","Histogram"
"Illustrate the correlation between website navigation and conversion rate by user device and location","Scatter Plot"
"Compare the market share of different social media platforms by user gender group and age group","Pie Chart"
"Display the number of daily active users for different meditation apps by country and age group","Line Chart"
"Visualize the distribution of employee satisfaction scores by department and tenure","Histogram"
"Plot the relationship between customer satisfaction and customer reviews by product category and region","Scatter Plot"
"Show the percentage breakdown of streaming platforms by user education level and age group","Pie Chart"
"Compare the sales performance of different online travel agencies by destination and price range","Bar Chart"
"Display the distribution of customer complaints by customer location region and category","Histogram"
"Illustrate the correlation between temperature and plant species abundance by region and season","Scatter Plot"
"Plot the monthly revenue for a specific state and product category","Line Chart"
"Compare the average ratings of different podcast genres by host nationality and popularity","Bar Chart"
"Display the distribution of customer preferences by income level and age group","Histogram"
"Visualize the relationship between humidity and bird species abundance by location and time of day","Scatter Plot"
"Show the market share of different ride-hailing services by city and time of day","Pie Chart"
"Plot the number of daily active users for different music streaming platforms by gender and age group","Line Chart"
"Compare the average ratings of different music genres by artist popularity and nationality","Bar Chart"
"Display the distribution of customer complaints by customer satisfaction rating and category","Histogram"
"Illustrate the correlation between temperature and plant species richness by region and season","Scatter Plot"
"Show the percentage breakdown of streaming platforms by user income group and education level","Pie Chart"
"Compare the sales performance of different online courses by instructor and subject","Bar Chart"
"Display the distribution of customer complaints by customer location region and category","Histogram"